n,psi0_amplitude,psi1_amplitude,psi0_raw_binary64_hex,psi1_raw_binary64_hex,eta,mixture_p
0,8.588959404096434e-05,0.0,0x1.683f3fd6978f9p-14,0x0.0p+0,0.7299,0.45683956664883835
1,0.0,0.00011848638902451166,0x0.0p+0,0x1.f0f7ca9dcd10cp-14,0.7299,0.45683956664883835
2,0.0,0.0,0x0.0p+0,0x0.0p+0,0.7299,0.45683956664883835
3,0.0002523976841401731,0.0,0x1.08a87cc892dc1p-12,0x0.0p+0,0.7299,0.45683956664883835
4,0.0,0.00036696707191564266,0x0.0p+0,0x1.80caf9295087cp-12,0.7299,0.45683956664883835
5,0.0,0.0,0x0.0p+0,0x0.0p+0,0.7299,0.45683956664883835
6,0.0007494455334508012,0.0,0x1.88ece0734fc16p-11,0x0.0p+0,0.7299,0.45683956664883835
7,0.0,0.0010503343783073425,0x0.0p+0,0x1.1356bf3801d7ap-10,0.7299,0.45683956664883835
8,0.0,0.0,0x0.0p+0,0x0.0p+0,0.7299,0.45683956664883835
9,0.0019840503145426088,0.0,0x1.040dae6ddd4d1p-9,0x0.0p+0,0.7299,0.45683956664883835
10,0.0,0.0026759649178758754,0x0.0p+0,0x1.5ebe7b9d734a0p-9,0.7299,0.45683956664883835
11,0.0,0.0,0x0.0p+0,0x0.0p+0,0.7299,0.45683956664883835
12,0.004697043476675516,0.0,0x1.33d3501ec62dfp-8,0x0.0p+0,0.7299,0.45683956664883835
13,0.0,0.00611768216687034,0x0.0p+0,0x1.90edacd583064p-8,0.7299,0.45683956664883835
14,0.0,0.0,0x0.0p+0,0x0.0p+0,0.7299,0.45683956664883835
15,0.010048463899845282,0.0,0x1.49449fe99568cp-7,0x0.0p+0,0.7299,0.45683956664883835
16,0.0,0.01268082011252497,0x0.0p+0,0x1.9f866dd5ba7dfp-7,0.7299,0.45683956664883835
17,0.0,0.0,0x0.0p+0,0x0.0p+0,0.7299,0.45683956664883835
18,0.019610912935768676,0.0,0x1.414e216d0b8c3p-6,0x0.0p+0,0.7299,0.45683956664883835
19,0.0,0.024046168676314036,0x0.0p+0,0x1.89f8f103c47ffp-6,0.7299,0.45683956664883835
20,0.0,0.0,0x0.0p+0,0x0.0p+0,0.7299,0.45683956664883835
21,0.035191896686473115,0.0,0x1.204ac1ab489aap-5,0x0.0p+0,0.7299,0.45683956664883835
22,0.0,0.042023723924006905,0x0.0p+0,0x1.584222fd1c9c3p-5,0.7299,0.45683956664883835
23,0.0,0.0,0x0.0p+0,0x0.0p+0,0.7299,0.45683956664883835
24,0.05844771299006025,0.0,0x1.decdbcfa2f8a1p-5,0x0.0p+0,0.7299,0.45683956664883835
25,0.0,0.06810187427727385,0x0.0p+0,0x1.16f1fdad133aep-4,0.7299,0.45683956664883835
26,0.0,0.0,0x0.0p+0,0x0.0p+0,0.7299,0.45683956664883835
27,0.09033225859851728,0.0,0x1.72003d074569bp-4,0x0.0p+0,0.7299,0.45683956664883835
28,0.0,0.10286795742224698,0x0.0p+0,0x1.a558df0ef53b9p-4,0.7299,0.45683956664883835
29,0.0,0.0,0x0.0p+0,0x0.0p+0,0.7299,0.45683956664883835
30,0.13052087681245,0.0,0x1.0b4e878ad6762p-3,0x0.0p+0,0.7299,0.45683956664883835
31,0.0,0.14546803750152482,0x0.0p+0,0x1.29eb257d75744p-3,0.7299,0.45683956664883835
32,0.0,0.0,0x0.0p+0,0x0.0p+0,0.7299,0.45683956664883835
33,0.17701435667506726,0.0,0x1.6a8680c6bc328p-3,0x0.0p+0,0.7299,0.45683956664883835
34,0.0,0.19331736263075147,0x0.0p+0,0x1.8be9f931fc01bp-3,0.7299,0.45683956664883835
35,0.0,0.0,0x0.0p+0,0x0.0p+0,0.7299,0.45683956664883835
36,0.22611758992893966,0.0,0x1.cf16bd2e5c6fap-3,0x0.0p+0,0.7299,0.45683956664883835
37,0.0,0.24223201369019196,0x0.0p+0,0x1.f0175686bfb0bp-3,0.7299,0.45683956664883835
38,0.0,0.0,0x0.0p+0,0x0.0p+0,0.7299,0.45683956664883835
39,0.27288688998085403,0.0,0x1.176fa92fe650fp-2,0x0.0p+0,0.7299,0.45683956664883835
40,0.0,0.2870266749868446,0x0.0p+0,0x1.25ea521897ac7p-2,0.7299,0.45683956664883835
41,0.0,0.0,0x0.0p+0,0x0.0p+0,0.7299,0.45683956664883835
42,0.3119835824060661,0.0,0x1.3f789fcd4ab9fp-2,0x0.0p+0,0.7299,0.45683956664883835
43,0.0,0.3224617189948115,0x0.0p+0,0x1.4a3367a52dbabp-2,0.7299,0.45683956664883835
44,0.0,0.0,0x0.0p+0,0x0.0p+0,0.7299,0.45683956664883835
45,0.33871637957957645,0.0,0x1.5ad87773a7bc0p-2,0x0.0p+0,0.7299,0.45683956664883835
46,0.0,0.3442845707523884,0x0.0p+0,0x1.608c226f987aep-2,0.7299,0.45683956664883835
47,0.0,0.0,0x0.0p+0,0x0.0p+0,0.7299,0.45683956664883835
48,0.34998592286545044,0.0,0x1.6662b5b311e87p-2,0x0.0p+0,0.7299,0.45683956664883835
49,0.0,0.3500776532316045,0x0.0p+0,0x1.667ac19ec2bbfp-2,0.7299,0.45683956664883835
50,0.0,0.0,0x0.0p+0,0x0.0p+0,0.7299,0.45683956664883835
51,0.3448547320253599,0.0,0x1.6121994fadd6cp-2,0x0.0p+0,0.7299,0.45683956664883835
52,0.0,0.3396666585874952,0x0.0p+0,0x1.5bd19398b3163p-2,0.7299,0.45683956664883835
53,0.0,0.0,0x0.0p+0,0x0.0p+0,0.7299,0.45683956664883835
54,0.32462825358832703,0.0,0x1.4c6b595213ed2p-2,0x0.0p+0,0.7299,0.45683956664883835
55,0.0,0.31503080123674665,0x0.0p+0,0x1.42976f322d924p-2,0.7299,0.45683956664883835
56,0.0,0.0,0x0.0p+0,0x0.0p+0,0.7299,0.45683956664883835
57,0.29242211539820917,0.0,0x1.2b70b3f90cbecp-2,0x0.0p+0,0.7299,0.45683956664883835
58,0.0,0.2797382282834683,0x0.0p+0,0x1.1e73b2b7ac85ap-2,0.7299,0.45683956664883835
59,0.0,0.0,0x0.0p+0,0x0.0p+0,0.7299,0.45683956664883835
60,0.252450572803471,0.0,0x1.0282672830831p-2,0x0.0p+0,0.7299,0.45683956664883835
61,0.0,0.2381758091078684,0x0.0p+0,0x1.e7c8b7f688774p-3,0.7299,0.45683956664883835
62,0.0,0.0,0x0.0p+0,0x0.0p+0,0.7299,0.45683956664883835
63,0.20915086710326863,0.0,0x1.ac574a311bd06p-3,0x0.0p+0,0.7299,0.45683956664883835
64,0.0,0.19469067648495234,0x0.0p+0,0x1.8eb9fc42b63e9p-3,0.7299,0.45683956664883835
65,0.0,0.0,0x0.0p+0,0x0.0p+0,0.7299,0.45683956664883835
66,0.16650093039525954,0.0,0x1.54fe709668e1ep-3,0x0.0p+0,0.7299,0.45683956664883835
67,0.0,0.15297830857820238,0x0.0p+0,0x1.394cb102b9e88p-3,0.7299,0.45683956664883835
68,0.0,0.0,0x0.0p+0,0x0.0p+0,0.7299,0.45683956664883835
69,0.12749465952697228,0.0,0x1.051beb88a9fc5p-3,0x0.0p+0,0.7299,0.45683956664883835
70,0.0,0.11565858960545569,0x0.0p+0,0x1.d9bcd23db5ef6p-4,0.7299,0.45683956664883835
71,0.0,0.0,0x0.0p+0,0x0.0p+0,0.7299,0.45683956664883835
72,0.09399935922922302,0.0,0x1.810578dbc0623p-4,0x0.0p+0,0.7299,0.45683956664883835
73,0.0,0.08421757568343698,0x0.0p+0,0x1.58f48754f0b55p-4,0.7299,0.45683956664883835
74,0.0,0.0,0x0.0p+0,0x0.0p+0,0.7299,0.45683956664883835
75,0.06677616149017561,0.0,0x1.1183e15c0b22fp-4,0x0.0p+0,0.7299,0.45683956664883835
76,0.0,0.05910009039625449,0x0.0p+0,0x1.e425df6e296cbp-5,0.7299,0.45683956664883835
77,0.0,0.0,0x0.0p+0,0x0.0p+0,0.7299,0.45683956664883835
78,0.045737902342355065,0.0,0x1.76af5557f014dp-5,0x0.0p+0,0.7299,0.45683956664883835
79,0.0,0.039994832587892715,0x0.0p+0,0x1.47a33e3f2af60p-5,0.7299,0.45683956664883835
80,0.0,0.0,0x0.0p+0,0x0.0p+0,0.7299,0.45683956664883835
81,0.030216879351186075,0.0,0x1.ef12c7266ef36p-6,0x0.0p+0,0.7299,0.45683956664883835
82,0.0,0.026108034356644483,0x0.0p+0,0x1.abc1086e6060dp-6,0.7299,0.45683956664883835
83,0.0,0.0,0x0.0p+0,0x0.0p+0,0.7299,0.45683956664883835
84,0.01925709537242411,0.0,0x1.3b821cb5cafd5p-6,0x0.0p+0,0.7299,0.45683956664883835
85,0.0,0.01643881770328009,0x0.0p+0,0x1.0d55661ae95eep-6,0.7299,0.45683956664883835
86,0.0,0.0,0x0.0p+0,0x0.0p+0,0.7299,0.45683956664883835
87,0.011835388915185383,0.0,0x1.83d27029bfae5p-7,0x0.0p+0,0.7299,0.45683956664883835
88,0.0,0.009981890168248478,0x0.0p+0,0x1.471629e996088p-7,0.7299,0.45683956664883835
89,0.0,0.0,0x0.0p+0,0x0.0p+0,0.7299,0.45683956664883835
90,0.00701525199038922,0.0,0x1.cbc065df36306p-8,0x0.0p+0,0.7299,0.45683956664883835
91,0.0,0.005844948643061993,0x0.0p+0,0x1.7f0df744ccdaep-8,0.7299,0.45683956664883835
92,0.0,0.0,0x0.0p+0,0x0.0p+0,0.7299,0.45683956664883835
93,0.004002081340501542,0.0,0x1.0647c8792fd29p-8,0x0.0p+0,0.7299,0.45683956664883835
94,0.0,0.003287342373703064,0x0.0p+0,0x1.aee0e7f8bc0b9p-9,0.7299,0.45683956664883835
95,0.0,0.0,0x0.0p+0,0x0.0p+0,0.7299,0.45683956664883835
96,0.0021844228522979103,0.0,0x1.1e51116c298eep-9,0x0.0p+0,0.7299,0.45683956664883835
97,0.0,0.001767807168465225,0x0.0p+0,0x1.cf6b87e592b84p-10,0.7299,0.45683956664883835
98,0.0,0.0,0x0.0p+0,0x0.0p+0,0.7299,0.45683956664883835
99,0.0011463605830412428,0.0,0x1.2c82f4dab6310p-10,0x0.0p+0,0.7299,0.45683956664883835
100,0.0,0.0009183940060744526,0x0.0p+0,0x1.e180c1c47819dp-11,0.7299,0.45683956664883835
101,0.0,0.0,0x0.0p+0,0x0.0p+0,0.7299,0.45683956664883835
102,0.000576933576859022,0.0,0x1.2e7ab6c1afe8dp-11,0x0.0p+0,0.7299,0.45683956664883835
103,0.0,0.0004493207932929989,0x0.0p+0,0x1.d725a1cd3c2a6p-12,0.7299,0.45683956664883835
104,0.0,0.0,0x0.0p+0,0x0.0p+0,0.7299,0.45683956664883835
105,0.0002558335931822622,0.0,0x1.0c42cea7ac7dcp-12,0x0.0p+0,0.7299,0.45683956664883835
106,0.0,0.0001873758613758328,0x0.0p+0,0x1.88f4a64b1cda4p-13,0.7299,0.45683956664883835
107,0.0,0.0,0x0.0p+0,0x0.0p+0,0.7299,0.45683956664883835
108,0.00010267208417980627,0.0,0x1.aea34f99d61c6p-14,0x0.0p+0,0.7299,0.45683956664883835
109,0.0,7.901049708181036e-05,0x0.0p+0,0x1.4b64e0107ffecp-14,0.7299,0.45683956664883835
110,0.0,0.0,0x0.0p+0,0x0.0p+0,0.7299,0.45683956664883835
111,5.184909279396093e-05,0.0,0x1.b2f11435530bbp-15,0x0.0p+0,0.7299,0.45683956664883835
112,0.0,4.095916972916734e-05,0x0.0p+0,0x1.579725b0cd76ap-15,0.7299,0.45683956664883835
113,0.0,0.0,0x0.0p+0,0x0.0p+0,0.7299,0.45683956664883835
114,1.5037797303804222e-05,0.0,0x1.f895b1fbbc580p-17,0x0.0p+0,0.7299,0.45683956664883835
115,0.0,5.5669074553830694e-06,0x0.0p+0,0x1.7596bde96ad4ap-18,0.7299,0.45683956664883835
116,0.0,0.0,0x0.0p+0,0x0.0p+0,0.7299,0.45683956664883835
